category_name,total_rentals,total_revenue,avg_rental_rate,film_count
Sports,1081,4892.19,4.5256151711378353,73
Animation,1065,4245.31,3.9862065727699531,64
Action,1013,3951.84,3.9011253701875617,61
Sci-Fi,998,4336.01,4.3446993987975952,59
Family,988,3830.15,3.8766700404858300,67
Foreign,953,3934.47,4.1285099685204617,67
Drama,953,4118.46,4.3215739769150052,61
Documentary,937,3749.65,4.0017609391675560,63
Games,884,3922.18,4.4368552036199095,58
New,864,3966.38,4.5907175925925926,60
